,sector
HDFCBANK,Bank
ICICIBANK,Bank
SBIN,Bank
KOTAKBANK,Bank
AXISBANK,Bank
INDUSINDBK,Bank
BANKBARODA,Bank
PNB,Bank
CANBK,Bank
FEDERALBNK,Bank
IDFCFIRSTB,Bank
AUBANK,Bank
BAJFINANCE,Finance
BAJAJFINSV,Finance
SHRIRAMFIN,Finance
CHOLAFIN,Finance
LICHSGFIN,Finance
MUTHOOTFIN,Finance
PFC,Finance
RECLTD,Finance
SBILIFE,Finance
HDFCLIFE,Finance
ICICIPRULI,Finance
ICICIGI,Finance
HDFCAMC,Finance
SBICARD,Finance
TCS,IT
INFY,IT
HCLTECH,IT
WIPRO,IT
TECHM,IT
MPHASIS,IT
PERSISTENT,IT
COFORGE,IT
OFSS,IT
TATAELXSI,IT
LTTS,IT
MARUTI,Auto
M&M,Auto
BAJAJ-AUTO,Auto
EICHERMOT,Auto
HEROMOTOCO,Auto
TVSMOTOR,Auto
MOTHERSON,Auto
BHARATFORG,Auto
ASHOKLEY,Auto
MRF,Auto
BALKRISIND,Auto
SUNPHARMA,Pharma
DRREDDY,Pharma
CIPLA,Pharma
DIVISLAB,Pharma
APOLLOHOSP,Pharma
LUPIN,Pharma
AUROPHARMA,Pharma
ALKEM,Pharma
TORNTPHARM,Pharma
ZYDUSLIFE,Pharma
BIOCON,Pharma
MAXHEALTH,Pharma
FORTIS,Pharma
HINDUNILVR,FMCG
ITC,FMCG
NESTLEIND,FMCG
BRITANNIA,FMCG
TATACONSUM,FMCG
GODREJCP,FMCG
DABUR,FMCG
MARICO,FMCG
COLPAL,FMCG
UBL,FMCG
UNITDSPR,FMCG
VBL,FMCG
TATASTEEL,Metal
JSWSTEEL,Metal
HINDALCO,Metal
COALINDIA,Metal
VEDL,Metal
JINDALSTEL,Metal
SAIL,Metal
NMDC,Metal
HINDZINC,Metal
RELIANCE,Energy
ONGC,Energy
BPCL,Energy
IOC,Energy
HINDPETRO,Energy
GAIL,Energy
PETRONET,Energy
NTPC,Power
POWERGRID,Power
TATAPOWER,Power
ADANIPOWER,Power
TORNTPOWER,Power
NHPC,Power
LT,CapGoods
SIEMENS,CapGoods
ABB,CapGoods
HAVELLS,CapGoods
CUMMINSIND,CapGoods
HAL,CapGoods
BEL,CapGoods
BOSCHLTD,CapGoods
ADANIENT,Infra
ADANIPORTS,Infra
GMRAIRPORT,Infra
CONCOR,Infra
IRCTC,Infra
INDIGO,Infra
ULTRACEMCO,Cement
GRASIM,Cement
SHREECEM,Cement
AMBUJACEM,Cement
ACC,Cement
DALBHARAT,Cement
DLF,Realty
GODREJPROP,Realty
OBEROIRLTY,Realty
PHOENIXLTD,Realty
PRESTIGE,Realty
TITAN,Consumer
TRENT,Consumer
DMART,Consumer
ASIANPAINT,Consumer
BERGEPAINT,Consumer
PIDILITIND,Consumer
PAGEIND,Consumer
BHARTIARTL,Telecom
IDEA,Telecom
INDUSTOWER,Telecom
